{
    "model_name": "all-MiniLM-L6-v2",
    "language": "all",
    "dataset_size": "small",
    "timestamp": "2025-04-27 20:34:46",
    "dataset_stats": {
        "total_samples": 1118011,
        "unique_queries": 48249,
        "avg_products_per_query": 23.171692677568448,
        "relevance_distribution": {
            "1": 0.16764235772277733,
            "2": 0.05150396552448947,
            "3": 0.343023458624289,
            "4": 0.4378302181284442
        },
        "locale_distribution": {
            "us": 0.5378784287453343,
            "jp": 0.26644013341550304,
            "es": 0.1956814378391626
        }
    },
    "train_metrics": {
        "NDCG@10": 0.9018884244014672,
        "Recall@10": 0.5533998972957596,
        "MRR@10": 0.9144725074815968,
        "Number of Queries": 33776
    },
    "test_metrics": {
        "NDCG@10": 0.9026660494871043,
        "Recall@10": 0.5502263403998343,
        "MRR@10": 0.9147480838000579,
        "Number of Queries": 14488
    },
    "performance_metrics": {
        "data_loading_time": 8.106922626495361,
        "preprocessing_time": 5.488094091415405,
        "model_initialization_time": 3.4859559535980225,
        "test_evaluation_time": 354.2224655151367,
        "train_evaluation_time": 853.4286956787109,
        "total_evaluation_time": 1224.737690448761
    },
    "visualization_file": "../output/all-MiniLM-L6-v2_all_small_metrics.png"
}