{
    "model_name": "all-MiniLM-L6-v2",
    "language": "us",
    "dataset_size": "full",
    "timestamp": "2025-04-27 21:57:24",
    "dataset_stats": {
        "total_samples": 1818825,
        "unique_queries": 97307,
        "avg_products_per_query": 18.691615197262273,
        "relevance_distribution": {
            "1": 0.08901626049784889,
            "2": 0.02201916072189463,
            "3": 0.2030503209489643,
            "4": 0.6859142578312922
        },
        "locale_distribution": {
            "us": 1.0
        }
    },
    "train_metrics": {
        "NDCG@10": 0.9652280344230854,
        "Recall@10": 0.6176668854449374,
        "MRR@10": 0.9742642788765812,
        "Number of Queries": 74865
    },
    "test_metrics": {
        "NDCG@10": 0.9556286294380796,
        "Recall@10": 0.613596979665115,
        "MRR@10": 0.9658903344608087,
        "Number of Queries": 22455
    },
    "performance_metrics": {
        "data_loading_time": 8.209492444992065,
        "preprocessing_time": 38.706932067871094,
        "model_initialization_time": 4.406848669052124,
        "test_evaluation_time": 460.6833577156067,
        "train_evaluation_time": 1522.2235417366028,
        "total_evaluation_time": 2034.2352833747864
    },
    "visualization_file": "../output/all-MiniLM-L6-v2_us_large_metrics.png"
}